country_x,country_code,region,sub-region,CO2,total_electricity,renewable,no_renewable,GDP,population,CO2_per_capita,GDP_per_capita,country_y,life_expect,life_exp60,adult_mortality,infant_mort,age1-4mort,alcohol,bmi,age5-19thinness,age5-19obesity,hepatitis,measles,polio,diphtheria,basic_water,age5-19healthyweight
Afghanistan,AFG,Asia,Southern Asia,5300.00019073486,1.21,87.6,12.4,18017749073.9033,35383028.0,0.0001497893337657495,509.22010049290583,Afghanistan,62.68935,16.29114,245.2249,0.055645,0.004715,0.01652,23.4,17.2,3.1,66.0,64.0,73.0,66.0,64.28648000000001,79.7
Albania,ALB,Europe,Southern Europe,4480.00001907349,7.706,100.0,0.0,11861200797.4706,2876101.0,0.0015576643584747163,4124.055725953504,Albania,76.37373000000001,20.76657,96.40514,0.01097,0.00037,4.66796,26.7,1.2,7.6,98.0,96.0,98.0,98.0,91.02037,91.2
Algeria,DZA,Africa,Northern Africa,154910.003662109,66.755,0.5,99.5,159994837855.12,40551398.0,0.0038200903372581385,3945.482665113543,Algeria,76.36365,21.9201,95.02545,0.02183,0.000905,0.59923,25.5,5.9,13.5,91.0,94.0,91.0,91.0,93.51585,80.6
Angola,AGO,Africa,Sub-Saharan Africa,29760.0002288818,10.358,58.75,41.25,101123851090.455,28842482.0,0.0010318113478889161,3506.073128188309,Angola,62.63262,17.34829,237.9694,0.0579,0.00752,5.38006,23.3,8.3,2.4,55.0,45.0,53.0,59.0,55.08428000000001,89.3
Antigua and Barbuda,ATG,Americas,Latin America and the Caribbean,500.0,0.329,1.82,98.18,1436585185.18519,94520.0,0.005289885738468049,15198.742966411235,Antigua and Barbuda,74.99754,19.69245,119.8657,0.00491,0.00093,7.546689999999999,26.7,3.3,11.5,92.0,88.0,87.0,92.0,96.73919,85.2
Argentina,ARG,Americas,Latin America and the Caribbean,183160.003662109,140.576,28.51,71.49,557531376217.967,43590368.0,0.004201845776161123,12790.242473244709,Argentina,76.94621,21.83528,111.4288,0.009855,0.0003,8.31052,27.7,0.9,16.9,92.0,90.0,87.0,92.0,99.07838,82.19999999999999
Armenia,ARM,Asia,Western Asia,5070.00017166138,6.951,65.1,34.9,10546135160.031,2936147.0,0.001726752840256765,3591.828052216391,Armenia,74.83788,19.5795,116.4358,0.0123299999999999,0.0003799999999999,3.82392,26.3,2.1,4.8,94.0,97.0,96.0,94.0,99.89854,93.10000000000001
Australia,AUS,Oceania,Australia and New Zealand,384989.990234375,246.842,16.56,83.44,1208846993739.99,24190907.0,0.015914657116179027,49971.13145612895,Australia,82.90018,25.61238,60.725280000000005,0.003385,0.000165,9.79,27.1,0.6,12.4,94.0,95.0,94.0,94.0,99.96997,87.0
Austria,AUT,Europe,Western Europe,63680.0003051758,70.036,79.76,20.24,395568644341.038,8736668.0,0.007288819983221956,45276.83143516934,Austria,81.87031,24.38125,61.88845,0.002595,0.00013,11.7,25.6,2.0,8.6,87.0,95.0,87.0,87.0,100.0,89.4
Azerbaijan,AZE,Asia,Western Asia,32240.0016784668,23.741,9.88,90.12,37867518957.1975,9757812.0,0.003304019556686151,3880.7387308955635,Azerbaijan,73.07719,18.94785,117.6489,0.02567,0.00091,3.05326,27.1,2.8,4.9,97.0,98.0,98.0,97.0,90.71031,92.3
Bahamas,BHS,Americas,Latin America and the Caribbean,2039.99996185303,1.85,0.11,99.89,11928500000.0,377923.0,0.005397924873196472,31563.30786959248,Bahamas,75.69963,22.61666,159.2046,0.009145,0.00049,8.68713,28.0,2.5,17.3,94.0,89.0,94.0,94.0,98.88696,80.2
Bahrain,BHR,Asia,Western Asia,30299.9992370605,26.809,0.03,99.97,32234973404.2553,1425793.0,0.021251331179954244,22608.452562367256,Bahrain,79.0638,21.72858,56.80696999999999,0.00643,0.00027,1.38638,24.8,6.1,17.2,99.0,99.0,99.0,99.0,100.0,76.7
Bangladesh,BGD,Asia,Southern Asia,74379.997253418,64.846,1.94,98.06,221415188000.475,157977151.0,0.00047082756450911057,1401.5646351317919,Bangladesh,72.65925,19.64039,130.232,0.0283649999999999,0.00155,0.0040799999999999,21.7,18.0,2.6,98.0,97.0,98.0,98.0,96.88253,79.4
Barbados,BRB,Americas,Latin America and the Caribbean,1289.99996185303,1.013,2.96,97.04,4830000000.0,285798.0,0.004513677359019413,16900.048285852245,Barbados,75.58631,19.8408,100.4418,0.011625,0.000215,9.27444,27.8,3.8,12.3,97.0,92.0,97.0,97.0,98.48444,83.9
Belarus,BLR,Europe,Eastern Europe,55139.9993896484,31.752,1.88,98.12,47722657820.6675,9469379.0,0.005822979457221894,5039.681886284993,Belarus,74.15955,19.58284,160.5829,0.00286,0.000245,9.70203,26.6,1.9,7.6,96.0,98.0,98.0,98.0,96.47418,90.5
Belgium,BEL,Europe,Western Europe,94220.0012207031,89.592,70.65,29.35,475739588764.759,11331422.0,0.008314931808267586,41984.103033560925,Belgium,81.16279,24.05383,71.56111999999999,0.00305,0.0001799999999999,9.41591,26.1,1.0,7.0,97.0,96.0,98.0,98.0,100.0,92.0
Belize,BLZ,Americas,Latin America and the Caribbean,649.999976158142,0.506,97.23,2.77,1775100000.0,368399.0,0.0017643912609918648,4818.416988102574,Belize,70.45189,17.1037,179.2545,0.012425,0.00053,6.11449,29.1,3.4,12.2,95.0,95.0,96.0,95.0,97.58454,84.39999999999999
Benin,BEN,Africa,Sub-Saharan Africa,6739.99977111816,0.26,3.85,96.15,11821066152.5979,10872072.0,0.0006199370065906628,1087.2873314854703,Benin,61.08568,17.20543,242.3741,0.06669,0.00939,1.46034,23.5,6.9,2.6,76.0,68.0,75.0,76.0,66.32024,90.5
Bhutan,BTN,Asia,Southern Asia,930.000007152557,7.881,100.0,0.0,2158972129.00307,736706.0,0.0012623760457394905,2930.574922700602,Bhutan,70.56942,20.66238,206.9694,0.028375,0.001455,0.01633,23.9,15.6,3.3,98.0,97.0,97.0,98.0,97.20763,81.10000000000001
Bolivia,BOL,Americas,Latin America and the Caribbean,22010.0002288818,9.036,23.33,76.67,33941126200.0606,11031822.0,0.0019951373607081224,3076.656439893664,Bolivia (Plurinational State of),71.49831,21.4342,182.2321,0.030695,0.0019649999999999,3.4127,26.6,1.1,9.1,87.0,94.0,87.0,87.0,92.1769,89.80000000000001
Bosnia And Herzegovina,BIH,Europe,Southern Europe,22340.0001525879,16.988,33.04,66.96,16913330693.9653,3386263.0,0.006597243082592197,4994.689040386202,Bosnia and Herzegovina,77.28514,20.66318,92.02609,0.00583,0.0002,4.81186,25.8,2.3,5.4,78.0,68.0,79.0,78.0,96.15126,92.3
Botswana,BWA,Africa,Sub-Saharan Africa,6630.00011444092,2.53,0.2,99.8,15646354089.458,2159925.0,0.0030695510790610414,7243.933974308367,Botswana,66.05297,17.42258,249.2413,0.03256,0.0020399999999999,5.14197,24.3,6.3,6.3,95.0,97.0,96.0,95.0,89.40444000000001,87.4
Brazil,BRA,Americas,Latin America and the Caribbean,447079.986572266,618.901,85.23,14.77,1795700168991.49,206163056.0,0.0021685746963911227,8710.09677403836,Brazil,75.13705,21.67901,142.7784,0.01322,0.000405,6.33272,26.6,2.7,10.8,89.0,95.0,72.0,89.0,97.84798,86.5
Brunei Darussalam,BRN,Asia,South-eastern Asia,6969.99979019165,4.014,0.02,99.98,11400854267.7188,419791.0,0.01660349981345872,27158.405653572372,Brunei Darussalam,76.42742,20.44886,97.70415,0.00794,0.000335,0.66475,27.2,5.5,14.1,99.0,98.0,99.0,99.0,99.90001,80.4
Bulgaria,BGR,Europe,Eastern Europe,41590.0001525879,44.91,51.6,48.4,53806894796.3801,7127822.0,0.005834881981142051,7548.855007375338,Bulgaria,74.84309,19.76121,135.3411,0.00756,0.00036,11.47825,26.4,1.9,10.8,91.0,92.0,92.0,92.0,99.14818,87.3
Burkina Faso,BFA,Africa,Sub-Saharan Africa,3700.00004768372,0.939,16.51,83.49,12833363370.174,18646350.0,0.000198430258344594,688.2506962581953,Burkina Faso,60.32101,15.48575,254.6027,0.055795,0.0086349999999999,7.10585,22.2,7.8,1.0,91.0,88.0,91.0,91.0,48.26772,91.2
Burundi,BDI,Africa,Sub-Saharan Africa,439.999997615814,0.191,84.82,15.18,2959640987.29943,10488002.0,4.195269962913947e-05,282.19302277968956,Burundi,60.09811,16.591260000000002,290.1858,0.05242,0.00645,3.88586,21.7,7.3,1.9,94.0,93.0,94.0,94.0,60.20415,90.8
Cabo Verde,CPV,Africa,Sub-Saharan Africa,550.000011920929,-1.0,-1.0,-1.0,1662998678.36743,531140.0,0.001035508551268835,3130.998754316056,Cabo Verde,73.16841,18.63837,121.7998,0.018705,0.000825,4.11278,24.5,6.6,3.1,96.0,93.0,95.0,96.0,86.48798000000001,90.30000000000001
Cambodia,KHM,Asia,South-eastern Asia,11069.9996948242,5.434,49.32,50.68,20016747754.0192,15766290.0,0.0007021309195013031,1269.5914989524613,Cambodia,69.36723,17.3671,170.497,0.0276,0.0011099999999999,3.50125,22.2,10.9,3.2,93.0,84.0,91.0,93.0,76.94537,85.89999999999999
Cameroon,CMR,Africa,Sub-Saharan Africa,9079.99992370605,6.995,63.12,36.88,32643697595.8378,23926549.0,0.00037949475804914653,1364.3295402039716,Cameroon,58.06432,16.47642,341.3811,0.055775,0.007285,4.145580000000001,24.3,5.5,2.8,75.0,71.0,75.0,75.0,60.15572,91.7
Canada,CAN,Americas,Northern America,556830.017089844,655.602,81.08,18.92,1528243213982.08,36109487.0,0.015420601713057955,42322.48478030386,Canada,82.80972,25.67112,62.83084,0.0043,0.0002,8.1,26.9,0.5,12.3,70.0,89.0,91.0,91.0,99.41262,87.2
Central African Republic,CAF,Africa,Sub-Saharan Africa,209.999993443489,0.17,99.41,0.59,1825018190.85071,4537683.0,4.627912382673911e-05,402.1916451305016,Central African Republic,53.0428,16.01538,411.9438,0.0952549999999999,0.010085,0.8742200000000001,22.9,8.2,2.2,47.0,49.0,47.0,47.0,46.33376,89.6
Chad,TCD,Africa,Sub-Saharan Africa,2210.00003814697,0.225,4.0,96.0,10097778353.7651,14561658.0,0.00015176843448369478,693.4497674485351,Chad,54.25685,15.91514,359.7015,0.0808099999999999,0.014615,0.50193,21.9,8.4,1.5,41.0,37.0,44.0,41.0,38.85259,90.1
Chile,CHL,Americas,Latin America and the Caribbean,86489.9978637695,82.047,48.46,51.54,250440136356.127,18209072.0,0.004749830077214781,13753.591416197762,Chile,79.51848000000001,23.44258,87.42916,0.0074099999999999,0.00028,7.7801,28.0,0.8,15.2,95.0,93.0,95.0,95.0,99.62218,84.0
China,CHN,Asia,Eastern Asia,9874660.15625,6088.2,30.0,70.0,11233276536737.2,1387790000.0,0.0071153850051160475,8094.363366746553,China,76.38920999999999,19.85725,80.35584,0.0084149999999999,0.00035,5.63286,23.8,3.3,11.7,99.0,99.0,99.0,99.0,92.30405,85.0
Colombia,COL,Americas,Latin America and the Caribbean,82680.0003051758,76.199,67.7,32.3,282825009887.458,48175048.0,0.0017162411608842775,5870.777957241641,Colombia,75.10618000000001,21.81515,137.1368,0.013175,0.00056,4.5383,26.2,2.0,7.0,91.0,93.0,91.0,91.0,96.96181,91.0
Comoros,COM,Africa,Sub-Saharan Africa,219.999998807907,0.057,3.51,96.49,1012835518.26037,795597.0,0.0002765219059497547,1273.0509520025466,Comoros,63.85875,16.33549,224.9509,0.057185,0.004895,0.22526,24.5,6.6,2.8,91.0,90.0,92.0,91.0,80.14886,90.60000000000001
Congo,COG,Africa,Sub-Saharan Africa,5500.0,2.833,39.43,60.57,10335424288.4306,4980996.0,0.0011041968313164677,2074.9714090175135,Congo,64.30374,17.6451,260.5036,0.04004,0.00411,5.86494,23.2,7.4,2.0,71.0,67.0,71.0,71.0,72.18665,90.6
Congo (Democratic Republic Of The),COD,Africa,Sub-Saharan Africa,2420.00007629395,9.071,99.85,0.15,37134799974.5225,78789130.0,3.0714897807526875e-05,471.31882246348573,Democratic Republic of the Congo,60.45245,16.91316,256.1018,0.075845,0.006085,0.6120800000000001,22.0,9.4,2.2,57.0,57.0,57.0,57.0,42.97677,88.39999999999999
Costa Rica,CRI,Americas,Latin America and the Caribbean,8079.99992370605,10.964,98.35,1.65,57157992434.1805,4899336.0,0.0016492030601097884,11666.477341864387,Costa Rica,79.56461,24.12729,96.74338,0.0079849999999999,0.00028,3.76539,27.3,1.7,12.3,97.0,93.0,97.0,97.0,99.69976,86.0
C�te D'Ivoire,CIV,Africa,Sub-Saharan Africa,9590.00015258789,-1.0,-1.0,-1.0,47964234560.0514,23822726.0,0.00040255679188804384,2013.381447616507,Côte d'Ivoire,54.59137,14.28279,397.78,0.068725,0.00698,1.5345799999999998,23.8,5.5,3.4,87.0,73.0,81.0,87.0,72.76205,91.1
Croatia,HRV,Europe,Southern Europe,16879.9991607666,13.045,67.41,32.59,51601147665.8089,4174349.0,0.004043744104953036,12361.483830367059,Croatia,78.29281999999999,21.46525,87.5144,0.003355,0.0002399999999999,10.38961,27.4,1.4,10.9,92.0,90.0,93.0,93.0,99.58675,87.69999999999999
Cuba,CUB,Americas,Latin America and the Caribbean,27170.0000762939,19.964,7.49,92.51,91370000000.0,11335108.0,0.0023969776094143877,8060.796597615126,Cuba,78.99843,22.69209,92.46183,0.00403,0.000325,4.3488,25.6,3.4,11.4,99.0,99.0,98.0,99.0,95.32452,85.19999999999999
Cyprus,CYP,Asia,Western Asia,7219.99979019165,4.94,9.66,90.34,20953442550.3653,1170189.0,0.006169943308466966,17906.032743740798,Cyprus,80.70889,22.83687,55.41083,0.002125,0.0001149999999999,9.59394,26.8,1.0,12.2,97.0,90.0,97.0,97.0,99.6132,86.8
Czech Republic,CZE,Europe,Eastern Europe,101730.003356934,86.766,44.07,55.93,196272068576.338,10566332.0,0.009627750042014013,18575.23202719146,Czechia,79.16503,22.11254,81.13068,0.002275,0.000135,12.93089,27.1,1.8,9.7,96.0,98.0,96.0,96.0,99.88017,88.5
Denmark,DNK,Europe,Northern Europe,35319.9996948242,35.384,65.67,34.33,313115929314.339,5728010.0,0.006166190299043506,54663.998371919566,Denmark,81.24531,23.78518,65.03622,0.003185,0.000125,9.51005,25.3,1.0,7.2,-1.0,94.0,94.0,94.0,100.0,91.8
Djibouti,DJI,Africa,Sub-Saharan Africa,419.999986886978,0.083,0.0,100.0,2603554906.59464,929117.0,0.0004520420860741736,2802.1819712637266,Djibouti,63.84281,17.6177,244.5206,0.05421,0.002835,0.32597,24.0,5.5,5.3,68.0,75.0,68.0,68.0,75.60252,89.2
Dominican Republic,DOM,Americas,Latin America and the Caribbean,24590.0001525879,17.745,11.54,88.46,75704720189.6204,10397738.0,0.0023649374654937353,7280.883610417997,Dominican Republic,73.5313,21.9983,160.0898,0.025875,0.00133,5.54662,26.5,3.3,15.0,80.0,85.0,82.0,87.0,96.57637,81.7
Ecuador,ECU,Americas,Latin America and the Caribbean,39810.001373291,26.979,62.19,37.81,99937696000.0,16491116.0,0.002414027126683907,6060.092961567913,Ecuador,76.47446,22.77073,114.1762,0.01821,0.00081,3.33882,27.3,1.2,9.4,83.0,86.0,79.0,83.0,93.68204,89.39999999999999
Egypt,EGY,Africa,Northern Africa,231229.995727539,168.044,9.6,90.4,332441717791.411,94447071.0,0.0024482495145618545,3519.8732398108036,Egypt,70.5431,16.85049,164.5883,0.01778,0.0008349999999999,0.1454099999999999,29.6,2.8,17.6,95.0,95.0,95.0,95.0,99.03286,79.6
El Salvador,SLV,Americas,Latin America and the Caribbean,7170.00007629395,5.996,59.36,40.64,24191440000.0,6356137.0,0.0011280436649326391,3805.9972590269845,El Salvador,73.67954,21.85309,176.8166,0.013175,0.00054,2.639,27.7,1.6,11.7,93.0,90.0,95.0,93.0,97.06386,86.7
Equatorial Guinea,GNQ,Africa,Sub-Saharan Africa,6659.99984741211,1.436,39.35,60.65,11240809132.4145,1215181.0,0.005480664894704666,9250.316728466376,Equatorial Guinea,59.53732,16.79345,304.7663,0.069605,0.006655,7.259189999999999,24.0,8.3,2.3,53.0,53.0,55.0,53.0,64.42551999999999,89.4
Eritrea,ERI,Africa,Sub-Saharan Africa,660.000026226044,0.341,1.17,98.83,-1.0,-1.0,-660.000026226044,1.0,Eritrea,64.96656999999999,16.35034,252.0605,0.035035,0.003095,0.68005,20.7,8.3,2.1,95.0,99.0,95.0,95.0,51.84972,89.60000000000001
Estonia,EST,Europe,Northern Europe,15989.9997711182,13.071,18.43,81.57,24259552888.9717,1315790.0,0.012152394965091847,18437.252820717364,Estonia,77.76205999999999,22.23481,118.5542,0.00276,0.000245,15.95026,26.4,1.9,6.3,93.0,93.0,93.0,93.0,99.71165,91.8
Eswatini,SWZ,Africa,Sub-Saharan Africa,839.999973773956,-1.0,-1.0,-1.0,3816018484.52711,1113994.0,0.0007540435350405441,3425.528759155893,Eswatini,57.69028,15.95739,393.319,0.055085,0.0047849999999999,7.502110000000001,26.8,4.0,6.0,90.0,89.0,90.0,90.0,68.9483,90.0
Ethiopia,ETH,Africa,Sub-Saharan Africa,14970.0002670288,12.496,99.97,0.03,74296618481.0882,103603461.0,0.00014449324494119747,717.1248698061178,Ethiopia,65.51109,18.13198,219.473,0.041555,0.00456,0.85709,20.6,10.4,1.1,66.0,57.0,72.0,66.0,40.04142,88.5
Fiji,FJI,Oceania,Melanesia,1519.99998092651,1.015,59.7,40.3,4930204219.71304,872406.0,0.00174230803195589,5651.272709854174,Fiji,69.94631,17.2084,186.2145,0.01957,0.0008449999999999,2.41122,27.7,3.9,11.5,99.0,96.0,99.0,99.0,93.74462,84.6
Finland,FIN,Europe,Northern Europe,45700.0007629395,80.014,81.41,18.59,240607907010.383,5495303.0,0.008316193076694678,43784.28396220972,Finland,81.44721,24.23781,70.18185,0.00179,0.00011,8.44,25.9,0.9,9.1,-1.0,94.0,92.0,92.0,100.0,90.0
France,FRA,Europe,Western Europe,313920.013427734,566.307,90.01,9.99,2471285607081.72,66724104.0,0.004704746779780423,37037.37418612201,France,82.94601999999999,25.91816,70.98227,0.0030399999999999,0.000145,11.74,25.0,0.6,8.1,90.0,90.0,96.0,96.0,100.0,91.30000000000001
Gabon,GAB,Africa,Sub-Saharan Africa,6420.00007629395,2.256,42.86,57.14,14023890620.3384,2007882.0,0.0031973990883398277,6984.419712083877,Gabon,66.4489,18.31454,220.698,0.034585,0.0033799999999999,7.49607,25.2,6.0,4.2,75.0,64.0,74.0,75.0,85.62704000000001,89.8
Gambia,GMB,Africa,Sub-Saharan Africa,529.999971389771,0.298,1.01,98.99,1484579844.37143,2149134.0,0.00024661094719536844,690.7804931527908,Gambia,61.918380000000006,15.33399,262.2101,0.0437,0.006175,2.79286,24.0,7.3,2.8,95.0,97.0,95.0,95.0,77.82724,89.9
Georgia,GEO,Asia,Western Asia,9649.99961853027,11.347,81.48,18.52,15141758566.7808,3727505.0,0.0025888629575360114,4062.169887573806,Georgia,72.58357,18.33282,159.9033,0.009925,0.000315,7.51197,27.6,2.8,6.8,92.0,93.0,92.0,92.0,98.17055,90.4
Germany,DEU,Europe,Western Europe,747150.024414063,695.7,46.74,53.26,3467498002104.33,82348669.0,0.009073006685925464,42107.51727030743,Germany,81.00278,23.64112,68.68589,0.002545,0.000135,10.93078,26.6,1.1,8.9,87.0,97.0,93.0,93.0,100.0,90.0
Ghana,GHA,Africa,Sub-Saharan Africa,16069.9996948242,9.641,57.77,42.23,55009730600.0307,28481947.0,0.0005642170352618169,1931.389402558424,Ghana,63.44865,15.73683,241.2761,0.04228,0.00461,1.61959,23.9,6.2,2.1,93.0,89.0,95.0,93.0,80.43578000000001,91.7
Greece,GRC,Europe,Southern Europe,66849.9984741211,54.69,27.73,72.27,195222443844.783,10775971.0,0.006203617147273419,18116.45965312852,Greece,81.16033,23.86235,66.41975,0.003095,0.00013,6.3650400000000005,27.1,0.7,13.8,96.0,97.0,99.0,99.0,100.0,85.5
Grenada,GRD,Americas,Latin America and the Caribbean,280.000001192093,0.205,0.98,99.02,1061631222.22222,110263.0,0.002539383122099825,9628.172843312988,Grenada,73.40396,19.12036,140.1568,0.014905,0.000375,8.86551,27.0,3.8,10.7,96.0,95.0,98.0,96.0,95.62865,85.5
Guatemala,GTM,Americas,Latin America and the Caribbean,17489.9997711182,14.725,68.04,31.96,66053725049.0138,15827690.0,0.0011050254188146344,4173.301666194739,Guatemala,73.22707,21.32992,161.6523,0.02369,0.00118,1.5933700000000002,26.6,1.2,9.9,80.0,86.0,82.0,80.0,93.72089,88.89999999999999
Guinea,GIN,Africa,Sub-Saharan Africa,2819.9999332428,2.233,49.48,50.52,8595955581.21787,11738434.0,0.00024023646878644972,732.2915119016617,Guinea,59.79942,15.29844,262.1077,0.06168,0.008395,0.34704,22.9,7.3,1.7,47.0,47.0,48.0,47.0,62.10819,91.0
Guinea Bissau,GNB,Africa,Sub-Saharan Africa,310.000002384186,0.036,2.78,97.22,1179004941.22904,1782434.0,0.00017391948447133864,661.4578386796032,Guinea-Bissau,59.83368000000001,15.1946,268.9253,0.061825,0.008405,3.0985400000000003,23.4,7.1,2.4,88.0,86.0,89.0,88.0,66.50823000000001,90.5
Guyana,GUY,Americas,Latin America and the Caribbean,2480.00001907349,1.057,3.88,96.12,4482697336.56174,771363.0,0.003215088122030082,5811.397923625764,Guyana,66.19136,16.77425,263.7115,0.02661,0.00144,5.884,26.4,5.4,10.0,97.0,99.0,94.0,97.0,95.53635,84.6
Haiti,HTI,Americas,Latin America and the Caribbean,3359.99989509583,1.023,6.94,93.06,13723267960.8434,10839976.0,0.0003099637762201531,1265.9869321521928,Haiti,63.5098,17.68188,243.4574,0.053515,0.0043549999999999,2.72063,25.3,3.9,10.9,64.0,69.0,64.0,64.0,65.02301999999999,85.19999999999999
Honduras,HND,Americas,Latin America and the Caribbean,9470.00026702881,9.651,55.7,44.3,21717622071.3816,9270794.0,0.0010214875087321334,2342.5849038800343,Honduras,75.17304,22.39087,145.0679,0.01652,0.0007,2.5430900000000003,26.8,2.1,9.6,94.0,96.0,94.0,94.0,94.28603,88.30000000000001
Hungary,HUN,Europe,Eastern Europe,44250.0,33.894,63.09,36.91,128470534117.954,9814023.0,0.004508854319986819,13090.50672878533,Hungary,75.97804000000001,20.11714,125.8381,0.004415,0.0001899999999999,11.28316,27.3,1.6,11.1,-1.0,99.0,99.0,99.0,99.97081,87.30000000000001
Iceland,ISL,Europe,Northern Europe,1629.99999523163,18.172,99.98,0.02,20618363251.6229,335439.0,0.004859303763818846,61466.80395428945,Iceland,82.39584,24.66337,55.009780000000006,0.00147,0.000125,7.5,26.2,1.0,9.9,-1.0,91.0,91.0,91.0,100.0,89.1
India,IND,Asia,Southern Asia,2195250.0,1239.782,20.41,79.59,2294797978291.98,1324517250.0,0.001657396307975604,1732.5542406427548,India,68.82571999999999,18.01512,178.0385,0.03682,0.002235,2.96659,21.8,26.9,2.0,88.0,88.0,86.0,88.0,91.85928,71.1
Indonesia,IDN,Asia,South-eastern Asia,482510.009765625,236.527,13.86,86.14,931877364177.742,261556386.0,0.0018447647833978904,3562.8163335218355,Indonesia,69.30530999999999,16.6579,175.6083,0.0217,0.00107,0.08488,23.1,10.3,6.1,84.0,88.0,85.0,84.0,88.65653,83.60000000000001
Iran,IRN,Asia,Southern Asia,607210.021972656,272.311,8.26,91.74,417983583565.54,79563991.0,0.007631719001786323,5253.426560333555,Iran (Islamic Republic of),75.7148,19.70895,80.13225,0.013285,0.00053,0.02344,26.1,8.5,9.8,99.0,99.0,99.0,99.0,95.20149,81.7
Iraq,IRQ,Asia,Western Asia,142229.995727539,75.453,4.5,95.5,174896224010.152,36610632.0,0.0038849369147066076,4777.197618717754,Iraq,69.84565,18.80928,173.5001,0.0265149999999999,0.0014199999999999,0.16244,28.8,5.2,14.4,73.0,80.0,77.0,73.0,95.61298,80.39999999999999
Ireland,IRL,Europe,Northern Europe,38819.9996948242,30.9,26.51,73.49,300523297823.576,4755335.0,0.008163462657168044,63197.08239768092,Ireland,81.53663,24.09103,62.38533,0.00248,0.000105,11.21677,27.5,0.2,9.8,95.0,92.0,95.0,95.0,97.38348,90.0
Israel,ISR,Asia,Western Asia,64980.0033569336,63.331,3.05,96.95,318950599043.544,8546000.0,0.007603557612559513,37321.62403973134,Israel,82.29099000000001,24.74195,57.98429,0.00295,0.000175,2.69426,27.3,1.2,11.9,95.0,97.0,94.0,94.0,100.0,86.89999999999999
Italy,ITA,Europe,Southern Europe,333339.996337891,306.693,41.58,58.42,1875797463583.87,60627498.0,0.005498165145094574,30939.71424622982,Italy,82.77284,25.03695,53.52959,0.002575,0.0001149999999999,7.09557,25.6,0.6,12.5,93.0,87.0,93.0,94.0,99.4425,86.9
Jamaica,JAM,Americas,Latin America and the Caribbean,7570.00017166138,4.138,8.92,91.08,14075894320.3166,2906242.0,0.002604738411894598,4843.331807990044,Jamaica,76.00214,22.49724,131.3541,0.0152699999999999,0.000625,3.38245,27.8,1.8,13.0,98.0,95.0,99.0,99.0,90.61792,85.2
Japan,JPN,Asia,Eastern Asia,1167790.0390625,1029.514,22.48,77.52,4922538141454.62,127076000.0,0.009189697811250747,38736.96167218531,Japan,84.16615999999999,26.39402,50.82619,0.00198,0.000195,6.81588,22.7,2.0,3.3,-1.0,96.0,99.0,99.0,98.97,94.7
Jordan,JOR,Asia,Western Asia,24819.9996948242,18.536,4.65,95.35,39892551148.8301,9554286.0,0.002597786971713449,4175.356604232918,Jordan,74.27773,19.25934,110.5425,0.01468,0.000595,0.31556,29.0,4.0,12.9,98.0,96.0,98.0,98.0,98.97105,83.1
Kazakhstan,KAZ,Asia,Central Asia,202149.993896484,89.622,13.3,86.7,137278320084.171,17794055.0,0.011360535521357218,7714.841843760234,Kazakhstan,71.1448,17.67481,181.4808,0.009885,0.00031,3.55,26.4,2.4,6.5,82.0,99.0,82.0,82.0,95.04381,91.1
Kenya,KEN,Africa,Sub-Saharan Africa,19110.0006103516,9.516,85.48,14.52,69188755364.2995,49051531.0,0.0003895902986259817,1410.5320252756128,Kenya,66.67854,18.62585,219.2986,0.03763,0.003575,1.63021,23.3,7.7,2.3,89.0,96.0,88.0,89.0,58.28035,90.0
Kiribati,KIR,Oceania,Micronesia,70.0000002980232,0.03,16.67,83.33,178328873.030033,112529.0,0.0006220618711445334,1584.7370280552834,Kiribati,66.12499,16.87259,197.0347,0.049435,0.00315,0.37722,30.1,0.1,23.0,81.0,80.0,82.0,81.0,70.34607,76.9
South Korea,PRK,Asia,Eastern Asia,30000.0,16.563,76.59,23.41,-1.0,25307665.0,0.001185411613438063,-3.9513720447935437e-08,Democratic People's Republic of Korea,71.94337,17.78493,132.1501,0.01485,0.001255,3.2954800000000004,24.1,4.9,8.5,96.0,99.0,99.0,96.0,94.8621,86.6
"Korea, Republic of",KOR,Asia,Eastern Asia,615880.004882813,534.474,33.34,66.66,1500111596236.37,51217803.0,0.012024725169933841,29288.8704389833,Republic of Korea,82.66409,25.26966,60.81405,0.002955,0.000125,8.686,23.8,1.3,8.5,98.0,98.0,98.0,98.0,99.6754,90.2
Kuwait,KWT,Asia,Western Asia,91550.0030517578,65.883,0.08,99.92,109419728566.7,3956862.0,0.023137021976444416,27653.157620028192,Kuwait,74.78218000000001,17.88645,79.21947,0.0073849999999999,0.000295,0.00811,29.6,3.5,22.9,99.0,99.0,99.0,99.0,100.0,73.6
Kyrgyzstan,KGZ,Asia,Central Asia,9699.99980926514,13.041,87.26,12.74,6813092065.83507,6079500.0,0.0015955259164841089,1120.6665130084825,Kyrgyzstan,71.40205,18.02906,162.3368,0.01839,0.00057,4.57125,26.6,3.3,3.9,96.0,97.0,97.0,96.0,87.42696,92.8
Laos,LAO,Asia,South-eastern Asia,15699.9998092651,25.025,70.09,29.91,15805692545.8723,6845848.0,0.0022933608530696418,2308.7998076896097,Lao People's Democratic Republic,65.79089,16.83024,192.7939,0.051895,0.00399,7.11148,22.9,8.9,4.7,66.0,66.0,66.0,66.0,79.9419,86.39999999999999
Latvia,LVA,Europe,Northern Europe,7150.00009536743,7.25,59.39,40.61,28052325862.0461,1959537.0,0.003648821173250329,14315.792894977794,Latvia,74.9902,20.65421,153.796,0.005605,0.000295,11.3,26.7,2.2,7.0,98.0,93.0,98.0,98.0,98.57478,90.8
Lebanon,LBN,Asia,Western Asia,27809.9994659424,18.256,2.26,97.74,51205122503.8143,6714281.0,0.004141917722231524,7626.300195629927,Lebanon,76.27683,19.84391,95.61637,0.005725,0.000245,1.27064,27.6,4.9,13.9,80.0,82.0,81.0,83.0,92.6,81.19999999999999
Lesotho,LSO,Africa,Sub-Saharan Africa,689.999997615814,0.523,100.0,0.0,2165408359.1668,2075041.0,0.000332523548988099,1043.5496740386334,Lesotho,52.93801,15.26447,483.4906,0.07335,0.00561,2.8891,24.9,5.4,5.0,87.0,90.0,87.0,87.0,68.62891,89.6
Liberia,LBR,Africa,Sub-Saharan Africa,1409.9999666214,0.376,0.0,100.0,3277826000.0,4586788.0,0.0003074046514949895,714.6233922300311,Liberia,62.94294,15.78716,230.2532,0.05367,0.004325,3.53465,24.1,6.5,1.9,84.0,80.0,84.0,84.0,72.44901,91.6
Libya,LBY,Africa,Northern Africa,50950.0007629395,29.536,0.03,99.97,26197143268.1243,6492160.0,0.007847927463731561,4035.1968016999426,Libya,71.91326,18.32506,150.2959,0.011255,0.000575,0.0028699999999999,28.1,5.7,14.6,97.0,97.0,97.0,97.0,98.52895,79.7
Lithuania,LTU,Europe,Northern Europe,11199.9998092651,3.846,65.89,34.11,43018087237.5741,2868231.0,0.0039048458123718418,14998.12505951372,Lithuania,75.04082,20.68216,154.5404,0.00439,0.0002549999999999,13.38696,26.4,2.6,6.8,95.0,94.0,94.0,94.0,97.07375,90.60000000000001
Luxembourg,LUX,Europe,Western Europe,8850.00038146973,0.924,64.5,35.5,60691483443.1221,582014.0,0.015205820446707005,104278.39097190464,Luxembourg,82.39915,24.69354,55.5008,0.00337,0.000105,11.23539,26.3,1.0,8.3,94.0,99.0,99.0,99.0,99.90687,90.7
Madagascar,MDG,Africa,Sub-Saharan Africa,3180.0000667572,2.187,42.98,57.02,11848615018.4137,24894370.0,0.00012773972857144808,475.9556083730458,Madagascar,66.08802,17.06002,215.5435,0.03514,0.003245,0.8887799999999999,21.3,7.1,1.8,77.0,59.0,75.0,77.0,53.18465,91.10000000000001
Malawi,MWI,Africa,Sub-Saharan Africa,1120.00000476837,2.245,92.34,7.66,5433040159.88747,17205253.0,6.509639845274987e-05,315.7779871000717,Malawi,64.17274,17.38159,254.7219,0.042975,0.00439,2.0043,22.9,6.3,2.0,84.0,81.0,83.0,84.0,67.91184,91.7
Malaysia,MYS,Asia,South-eastern Asia,235960.006713867,149.42,14.71,85.29,301255380276.258,30684652.0,0.007689838122129168,9817.7870903101,Malaysia,75.27525,19.93296,122.8846,0.00691,0.000295,0.58616,25.7,7.4,12.7,98.0,93.0,98.0,95.0,96.72462,79.89999999999999
Maldives,MDV,Asia,Southern Asia,1759.99999046326,0.603,0.33,99.67,4379115587.82957,475505.0,0.003701328041688857,9209.399665260238,Maldives,78.41551,21.01114,52.53405,0.0071849999999999,0.000295,1.12416,25.5,13.6,7.4,99.0,99.0,99.0,99.0,99.23921,79.0
Mali,MLI,Africa,Sub-Saharan Africa,4670.00007629395,2.822,57.23,42.77,14025944550.3788,17965448.0,0.00025994342452767945,780.7177728258599,Mali,57.95288000000001,15.379229999999998,269.6224,0.07332,0.011805,0.58272,23.0,7.7,2.6,76.0,70.0,72.0,76.0,76.58435,89.7
Malta,MLT,Europe,Southern Europe,1350.00002384186,0.865,16.65,83.35,11665231192.2959,455356.0,0.002964713375560792,25617.82691409776,Malta,81.49574,23.91877,55.02631,0.004285,0.000225,7.511830000000001,27.1,0.8,13.4,97.0,93.0,97.0,97.0,100.0,85.8
Mauritania,MRT,Africa,Sub-Saharan Africa,3259.99999046326,1.113,26.15,73.85,6398744505.08129,4163532.0,0.0007829890560378208,1536.8548878887661,Mauritania,63.94022,16.53675,202.3809,0.056945,0.007245,0.00091,24.9,7.7,4.0,74.0,72.0,73.0,74.0,68.83202,88.3
Mauritius,MUS,Africa,Sub-Saharan Africa,4039.99996185303,3.415,34.52,65.48,12232463655.5727,1263473.0,0.0031975356512193216,9681.618566896721,Mauritius,74.82426,20.72969,145.3546,0.01091,0.000575,3.06898,25.2,6.9,4.4,72.0,92.0,96.0,96.0,99.86639,88.69999999999999
Mexico,MEX,Americas,Latin America and the Caribbean,473309.997558594,304.435,19.48,80.52,1078490651625.31,123333379.0,0.003837647207886796,8744.515559127834,Mexico,76.56378000000001,22.30824,126.6144,0.01249,0.0005099999999999,4.25065,28.0,1.5,14.8,93.0,96.0,96.0,93.0,98.88368,83.7
Moldova,MDA,Europe,Eastern Europe,8140.00034332275,5.53,4.72,95.28,8071480540.86068,2802170.0,0.0029048916886993833,2880.439281292955,Republic of Moldova,71.49788000000001,17.55721,166.7539,0.014075,0.0005449999999999,7.22203,27.0,2.7,4.2,90.0,88.0,91.0,89.0,88.68506,93.1
Mongolia,MNG,Asia,Eastern Asia,18170.0000762939,5.342,4.62,95.38,11186734674.3847,3056358.0,0.00594498421856795,3660.1519437136294,Mongolia,69.80354,17.27222,210.7092,0.0148449999999999,0.000615,6.89982,26.2,2.3,4.3,99.0,98.0,99.0,99.0,82.80058000000001,93.4
Montenegro,MNE,Europe,Southern Europe,2150.00009536743,3.045,59.93,40.07,4373958353.52982,622303.0,0.0034549087749334807,7028.663454185213,Montenegro,76.79796,20.22957,99.06138,0.00362,7e-05,8.96508,26.5,1.8,7.6,75.0,47.0,89.0,89.0,97.05335,90.60000000000001
Morocco,MAR,Africa,Northern Africa,60319.9996948242,28.897,16.15,83.85,103311649248.024,35126274.0,0.0017172330801389353,2941.150241213287,Morocco,75.95964000000001,20.53799,69.05941999999999,0.0227199999999999,0.000965,0.4,26.0,6.3,10.2,99.0,99.0,99.0,99.0,86.63644000000001,83.5
Mozambique,MOZ,Africa,Sub-Saharan Africa,7280.00020980835,18.522,84.04,15.96,11936999283.1791,27829930.0,0.00026158887966331034,428.9266729445277,Mozambique,60.0987,17.8653,336.4021,0.056115,0.0049299999999999,1.24664,22.8,3.5,2.3,88.0,87.0,88.0,88.0,53.443940000000005,94.2
Myanmar,MMR,Asia,South-eastern Asia,21860.0006103516,-1.0,-1.0,-1.0,67184236746.5694,53045199.0,0.00041210139696811393,1266.5469828206205,Myanmar,66.80213,16.85373,194.9528,0.040935,0.00284,1.60395,22.6,12.9,3.7,90.0,91.0,89.0,90.0,80.84425999999999,83.39999999999999
Namibia,NAM,Africa,Sub-Saharan Africa,4130.00011444092,1.461,96.03,3.97,10665634688.0779,2358044.0,0.0017514516753889748,4523.085526851026,Namibia,63.67717,16.73161,295.8852,0.031925,0.003295,4.3259,24.2,8.2,4.9,85.0,75.0,84.0,85.0,82.21806,86.89999999999999
Nepal,NPL,Asia,Southern Asia,10409.9998474121,4.22,100.0,0.0,21185922407.5922,27263430.0,0.0003818301603067589,777.0820622200582,Nepal,70.20618,17.60933,150.6497,0.029875,0.0016,0.29265,22.5,15.8,1.7,87.0,83.0,85.0,87.0,88.34640999999999,82.5
Netherlands,NLD,Europe,Western Europe,158539.993286133,119.979,19.71,80.29,783528181704.567,17030314.0,0.009309281865626963,46007.852920654725,Netherlands,81.6328,23.97681,58.63288000000001,0.00283,0.0001349999999999,8.296489999999999,25.6,0.9,7.0,93.0,94.0,95.0,95.0,100.0,92.1
New Zealand,NZL,Oceania,Australia and New Zealand,31190.0005340576,43.192,85.13,14.87,188223664746.524,4714100.0,0.006616321362308309,39927.804829452914,New Zealand,82.24739,25.29202,66.05728,0.003975,0.000235,9.01749,28.0,0.3,16.3,92.0,92.0,92.0,92.0,100.0,83.4
Nicaragua,NIC,Americas,Latin America and the Caribbean,5380.00011444092,4.988,58.64,41.36,13286083644.8761,6303970.0,0.0008534304754687791,2107.574059660198,Nicaragua,75.48499,22.78766,145.8617,0.017305,0.000745,3.81148,27.2,1.8,10.8,98.0,99.0,99.0,98.0,81.50474,87.4
Niger,NER,Africa,Sub-Saharan Africa,2109.99989509583,0.495,1.01,98.99,10355006770.1014,20788789.0,0.00010149700856051934,498.1053379348552,Niger,59.82668,16.1868,250.1592,0.053865,0.0110599999999999,0.13217,21.8,9.5,1.4,80.0,76.0,82.0,80.0,49.50156,89.1
Nigeria,NGA,Africa,Sub-Saharan Africa,110830.001831055,32.033,25.44,74.56,404650006428.613,185960244.0,0.0005959876124439533,2176.002772015146,Nigeria,55.19205,13.93325,352.469,0.070435,0.010275,7.81502,23.2,9.7,1.9,53.0,51.0,53.0,53.0,70.02553,88.39999999999999
Macedonia,MKD,Europe,Southern Europe,7300.00019073486,-1.0,-1.0,-1.0,10672471860.7184,2072490.0,0.003522333131033134,5149.589074359055,Republic of North Macedonia,75.85901,19.47153,95.82513,0.0083349999999999,0.000235,3.63089,26.8,2.1,9.3,94.0,82.0,95.0,95.0,93.15266,88.60000000000001
Norway,NOR,Europe,Northern Europe,38759.9983215332,147.819,98.24,1.76,368819929542.194,5234519.0,0.007404691495347176,70459.18250410285,Norway,82.4763,24.71746,54.65812,0.00197,0.000105,6.03,26.7,0.7,9.1,-1.0,96.0,96.0,96.0,100.0,90.2
Oman,OMN,Asia,Western Asia,72129.997253418,32.178,0.01,99.99,65480507170.7857,4479217.0,0.01610326029156837,14618.73965266378,Oman,77.00477,21.15295,96.24877,0.00883,0.00037,0.40318,26.3,7.1,14.9,99.0,99.0,99.0,99.0,91.75999,78.0
Pakistan,PAK,Asia,Southern Asia,181110.000610352,121.761,36.99,63.01,278654637737.69,203631356.0,0.0008894013386148251,1368.4269614041661,Pakistan,66.52933,17.83512,159.0599,0.067965,0.003935,0.04576,23.9,19.3,3.1,75.0,75.0,75.0,75.0,91.14014,77.60000000000001
Panama,PAN,Americas,Latin America and the Caribbean,10770.0004577637,10.637,67.88,32.12,57907700000.0,4037073.0,0.002667774513307958,14343.981394440973,Panama,78.02985,23.99669,110.9972,0.0141,0.00058,6.7007,26.9,1.9,10.5,86.0,95.0,86.0,86.0,95.97945,87.6
Papua New Guinea,PNG,Oceania,Melanesia,7659.99984741211,3.912,27.43,72.57,20759069104.55,8271766.0,0.0009260416514940232,2509.6296370750815,Papua New Guinea,65.90926,16.90292,224.2683,0.044325,0.003135,0.7962600000000001,25.6,1.3,9.8,46.0,46.0,48.0,46.0,40.73222,88.9
Paraguay,PRY,Americas,Latin America and the Caribbean,7179.99982833862,64.923,100.0,0.0,36054281572.3981,6777878.0,0.0010593285727979495,5319.405508980554,Paraguay,74.19203,21.24912,145.5476,0.01782,0.000755,5.84504,26.7,2.0,10.5,92.0,85.0,93.0,92.0,98.56575,87.5
Peru,PER,Americas,Latin America and the Caribbean,56860.0006103516,50.406,52.24,47.76,191895943823.887,30926036.0,0.0018385803020584857,6204.996457479613,Peru,75.86007,21.63352,124.0595,0.011885,0.000865,5.31141,26.7,1.1,7.8,89.0,88.0,88.0,89.0,90.58557,91.10000000000001
Philippines,PHL,Asia,South-eastern Asia,121959.999084473,87.313,25.91,74.09,318627003966.055,103663812.0,0.001176495410804235,3073.657024748955,Philippines,69.3147,17.58233,193.8597,0.021765,0.00144,4.52845,23.2,9.9,4.3,86.0,80.0,72.0,86.0,93.07372,85.8
Poland,POL,Europe,Eastern Europe,299799.987792969,174.043,17.68,82.32,472630364208.177,37970087.0,0.007895688724468,12447.439591280816,Poland,77.75282,21.81924,110.5996,0.00405,0.000185,10.42659,26.7,2.0,9.1,95.0,96.0,92.0,98.0,99.38385,88.9
Portugal,PRT,Europe,Southern Europe,48759.9983215332,62.212,56.87,43.13,206286022781.894,10325452.0,0.004722311267490586,19978.401214968024,Portugal,81.52627,24.485,75.56303,0.002045,0.0001149999999999,10.36621,25.6,0.6,10.4,98.0,98.0,98.0,98.0,99.90618,89.0
Qatar,QAT,Asia,Western Asia,86919.9981689453,40.007,0.59,99.41,151732181857.113,2654379.0,0.03274588827328173,57162.96800762552,Qatar,78.07074,20.93642,61.75961,0.007195,0.0002699999999999,1.04399,29.2,5.1,19.5,98.0,99.0,98.0,98.0,99.6298,75.4
Romania,ROU,Europe,Eastern Europe,71589.9963378906,65.126,59.56,40.44,188128818486.401,19702267.0,0.003633591826660891,9548.587402982663,Romania,75.23626999999999,20.14625,134.8221,0.007605,0.000365,9.5705,26.9,2.6,8.1,90.0,86.0,89.0,89.0,100.0,89.30000000000001
Russia,RUS,Europe,Eastern Europe,1571520.01953125,1034.755,36.03,63.97,1276786979221.81,144342397.0,0.010887445769182078,8845.543691655683,Russian Federation,71.86533,19.43105,202.6742,0.0073549999999999,0.000395,8.19835,26.2,2.3,7.1,97.0,98.0,97.0,97.0,96.96095,90.60000000000001
Rwanda,RWA,Africa,Sub-Saharan Africa,1159.9999666214,0.689,53.12,46.88,8697268915.96904,11668829.0,9.941014360750338e-05,745.342048972441,Rwanda,68.03925,18.4912,198.2996,0.03073,0.002445,7.08615,22.1,5.7,1.7,98.0,95.0,99.0,98.0,56.98161999999999,92.6
Saint Lucia,LCA,Americas,Latin America and the Caribbean,509.999990463257,0.369,0.27,99.73,1865375222.22222,180028.0,0.002832892608167935,10361.583877075898,Saint Lucia,75.59992,22.06967,147.1686,0.01096,0.0004599999999999,10.18048,30.0,4.3,8.8,95.0,99.0,95.0,95.0,98.16222,86.9
Saint Vincent and the Grenadines,VCT,Americas,Latin America and the Caribbean,259.999990463257,0.145,11.72,88.28,774429629.62963,109467.0,0.002375144933754072,7074.548764738505,Saint Vincent and the Grenadines,71.95692,19.11691,168.7226,0.016385,0.000445,7.985130000000001,27.2,3.4,12.4,99.0,99.0,99.0,99.0,95.14522,84.19999999999999
Samoa,WSM,Oceania,Polynesia,300.000011920929,0.125,24.0,76.0,799376439.530168,194540.0,0.0015420993724731625,4109.05952261832,Samoa,75.068,20.08554,110.3881,0.016135,0.0006799999999999,2.1751,32.2,0.2,21.7,80.0,68.0,77.0,80.0,97.30364,78.1
Sao Tome and Principe,STP,Africa,Sub-Saharan Africa,129.999995231628,0.082,8.54,91.46,345495358.376319,203221.0,0.0006396976455761363,1700.0967339808337,Sao Tome and Principe,68.72415,18.31426,190.6098,0.027125,0.00201,5.05122,24.8,5.4,3.5,96.0,93.0,96.0,96.0,84.20084,91.1
Saudi Arabia,SAU,Asia,Western Asia,561229.98046875,345.592,0.04,99.96,644935541446.453,32443443.0,0.017298718279337676,19878.76383670047,Saudi Arabia,74.75218000000001,18.718020000000003,89.1287,0.011495,0.00047,0.07808,28.5,7.7,17.4,98.0,98.0,97.0,98.0,99.86361,74.9
Senegal,SEN,Africa,Sub-Saharan Africa,10130.0001144409,4.23,11.54,88.46,19040312815.1337,14993514.0,0.0006756254814208931,1269.903293859845,Senegal,66.77169,16.88008,185.1502,0.034425,0.00351,0.30068,23.0,9.4,1.8,93.0,93.0,92.0,93.0,79.46231999999999,88.8
Serbia,SRB,Europe,Southern Europe,46619.9989318848,36.879,29.28,70.72,40692643373.0327,7058322.0,0.0066049691317404905,5765.200762027108,Serbia,76.3361,19.83144,102.5437,0.0049999999999999,0.00018,7.21473,26.1,2.0,9.8,91.0,82.0,93.0,92.0,85.52885,88.2
Seychelles,SYC,Africa,Sub-Saharan Africa,579.999983310699,0.411,0.49,99.51,1426651768.82189,94677.0,0.006126091693977408,15068.620349418445,Seychelles,73.26278,19.62112,163.0721,0.012175,0.000475,20.18246,26.7,5.8,10.8,97.0,97.0,96.0,96.0,96.24902,83.4
Sierra Leone,SLE,Africa,Sub-Saharan Africa,930.000007152557,0.214,63.08,36.92,3674794530.18956,7328846.0,0.00012689583150642776,501.41516552395285,Sierra Leone,53.1305,13.34951,388.8057,0.0908,0.0084599999999999,3.49095,22.7,7.3,2.5,84.0,85.0,84.0,84.0,59.56314,90.2
Singapore,SGP,Asia,South-eastern Asia,46099.9984741211,50.113,6.05,93.95,318652334419.11,5607283.0,0.008221450294932698,56828.295347160114,Singapore,82.94685,25.03369,51.36488,0.002085,0.00014,1.83685,23.6,2.2,6.8,96.0,95.0,96.0,97.0,100.0,91.0
Slovakia,SVK,Europe,Eastern Europe,31500.0,28.418,81.41,18.59,89655253976.4258,5430798.0,0.005800252559568593,16508.670360493208,Slovakia,77.41844,21.33584,104.1125,0.0053,0.00025,9.91722,26.4,1.2,8.1,96.0,95.0,96.0,96.0,99.78751,90.7
Slovenia,SVN,Europe,Southern Europe,13899.9996185303,16.499,66.97,33.03,44736333522.4522,2065042.0,0.0067310977784133695,21663.643413766986,Slovenia,80.91450999999999,23.69263,72.04058,0.00217,0.00015,10.51,26.6,1.4,9.2,-1.0,92.0,94.0,94.0,99.53439,89.39999999999999
Solomon Islands,SLB,Oceania,Melanesia,360.000014305115,0.106,9.43,90.57,1378551118.49224,619438.0,0.0005811719886495742,2225.4868420927355,Solomon Islands,71.13122,17.70137,145.595,0.022515,0.001025,1.28076,26.3,1.1,4.3,94.0,82.0,89.0,94.0,68.5448,94.60000000000001
Somalia,SOM,Africa,Sub-Saharan Africa,660.000026226044,0.342,3.51,96.49,-1.0,14185635.0,4.652594164632348e-05,-7.049384817810412e-08,Somalia,55.44761,16.277839999999998,316.0549,0.0894549999999999,0.0141199999999999,0.0,23.2,6.5,3.0,42.0,46.0,47.0,42.0,50.81511,90.5
South Africa,ZAF,Africa,Sub-Saharan Africa,425140.014648438,236.403,9.87,90.13,296357282715.109,56207649.0,0.007563739494751649,5272.543648198291,South Africa,63.59951,16.57789,301.3036,0.03459,0.002345,7.303269999999999,27.3,4.7,11.3,76.0,85.0,76.0,76.0,92.27031,84.0
Spain,ESP,Europe,Southern Europe,247029.998779297,276.886,61.02,38.98,1232076017361.53,46484062.0,0.005314294580781193,26505.34321552041,Spain,83.07911999999999,25.38623,55.787780000000005,0.00251,0.00013,10.80005,25.9,0.6,10.8,97.0,97.0,97.0,97.0,99.92651,88.60000000000001
Sri Lanka,LKA,Asia,Southern Asia,21930.0003051758,13.736,34.15,65.85,82401038709.5356,21203000.0,0.0010342876152042541,3886.291501652389,Sri Lanka,75.33485,20.80904,131.4098,0.00834,0.00036,2.64911,23.1,15.1,4.8,99.0,99.0,99.0,99.0,88.83598,80.10000000000001
Suriname,SUR,Americas,Latin America and the Caribbean,2950.00004768372,1.914,41.59,58.41,3128953536.91038,564883.0,0.005222320458721045,5539.11790036234,Suriname,71.80816999999999,19.23344,180.4631,0.0178499999999999,0.0005449999999999,4.40653,26.5,3.5,13.9,77.0,76.0,77.0,77.0,94.5194,82.6
Sweden,SWE,Europe,Northern Europe,38779.9987792969,167.378,97.81,2.19,515654671469.547,9923085.0,0.003908058711509263,51965.157153198525,Sweden,82.36343000000001,24.5538,52.43221,0.0021,0.0001,7.15,26.0,1.4,6.7,67.0,97.0,98.0,98.0,100.0,91.89999999999999
Switzerland,CHE,Europe,Western Europe,39669.9981689453,62.85,98.67,1.33,671309197478.183,8373338.0,0.004737656376578289,80172.2320869148,Switzerland,83.26371,25.45412,49.20185,0.00356,0.00011,9.51001,25.2,0.4,5.8,-1.0,94.0,96.0,96.0,100.0,93.8
Syria,SYR,Asia,Western Asia,26340.0001525879,17.223,5.72,94.28,-1.0,17465567.0,0.001508110223537999,-5.725551309041384e-08,Syrian Arab Republic,63.79707,18.47117,301.1052,0.0158449999999999,0.001185,0.18008,28.3,6.2,11.5,42.0,62.0,48.0,42.0,97.05907,82.3
Tajikistan,TJK,Asia,Central Asia,6090.00015258789,17.03,96.69,3.31,6952678127.03396,8663575.0,0.0007029430867266561,802.5183745779266,Tajikistan,70.75986999999999,17.703470000000003,123.2559,0.03831,0.00155,0.85936,26.1,3.7,3.0,97.0,97.0,97.0,96.0,79.62585,93.3
Tanzania,TZA,Africa,Sub-Saharan Africa,11199.9998092651,6.977,36.02,63.98,49774021003.0748,53049231.0,0.00021112464022833997,938.2609335670634,United Republic of Tanzania,63.909130000000005,17.53598,260.6826,0.0414,0.00431,7.40868,23.2,6.6,2.5,92.0,83.0,89.0,92.0,54.84754,90.9
Thailand,THA,Asia,South-eastern Asia,261600.006103516,195.842,22.12,77.88,413430123185.367,68971313.0,0.0037928813404424534,5994.233039834504,Thailand,75.47385,22.08884,147.4164,0.010455,0.000415,6.57,24.4,7.7,11.3,99.0,99.0,99.0,99.0,99.3738,81.0
Timor-Leste,TLS,Asia,South-eastern Asia,600.000023841858,-1.0,-1.0,-1.0,1650608600.0,1219289.0,0.0004920900818771088,1353.746814742034,Timor-Leste,68.55038,17.10405,149.8112,0.044485,0.0019199999999999,0.4947,21.3,10.9,4.2,79.0,73.0,79.0,79.0,76.65939,84.89999999999999
Togo,TGO,Africa,Sub-Saharan Africa,2299.99995231628,0.437,47.83,52.17,4486979198.3066,7509952.0,0.0003062602733434621,597.4710888041095,Togo,60.610980000000005,15.25292,265.3151,0.053375,0.00669,1.26159,23.6,6.4,2.0,82.0,73.0,81.0,82.0,64.02144,91.6
Tonga,TON,Oceania,Polynesia,150.000005960464,0.052,0.0,100.0,420540178.571429,101143.0,0.0014830488116870568,4157.877248760952,Tonga,73.42995,18.85849,133.0206,0.01458,0.000685,0.27958,32.2,0.1,26.7,96.0,98.0,96.0,96.0,99.90674,73.2
Trinidad and Tobago,TTO,Americas,Latin America and the Caribbean,18309.9994659424,9.411,0.05,99.95,22284780326.8856,1377563.0,0.013291587728432312,16176.959113220666,Trinidad and Tobago,71.81485,19.57673,171.8307,0.0169549999999999,0.00052,5.907769999999999,27.6,5.8,11.1,97.0,86.0,84.0,97.0,98.18496,83.10000000000001
Tunisia,TUN,Africa,Northern Africa,29610.0006103516,18.49,3.4,96.6,41801210428.3054,11303942.0,0.0026194402457436175,3697.9321398062198,Tunisia,76.04694,20.06349,90.99689,0.01116,0.000475,1.52928,26.3,6.5,8.5,93.0,90.0,93.0,93.0,95.9924,85.0
Turkey,TUR,Asia,Western Asia,374589.996337891,263.509,34.57,65.43,869683121562.531,79827868.0,0.0046924715105493104,10894.4801276984,Turkey,76.38178,21.235570000000003,104.0207,0.01039,0.0004349999999999,1.37905,27.9,4.9,11.5,98.0,98.0,98.0,98.0,98.88087,83.6
Turkmenistan,TKM,Asia,Central Asia,73339.9963378906,21.185,0.01,99.99,36180000000.0,5662371.0,0.0129521708022824,6389.549536757659,Turkmenistan,68.16424,17.35935,190.9719,0.04033,0.00193,3.31766,26.6,3.3,4.7,98.0,99.0,98.0,98.0,98.70372,92.0
Uganda,UGA,Africa,Sub-Saharan Africa,4949.99980926514,4.549,94.97,5.03,29078719933.9986,39649173.0,0.00012484496988790007,733.400415035103,Uganda,62.49541,17.124679999999998,287.9427,0.0396899999999999,0.004115,12.10029,22.5,5.6,1.7,93.0,79.0,88.0,93.0,47.66563,92.7
Ukraine,UKR,Europe,Eastern Europe,201660.003662109,153.688,55.56,44.44,93355993628.5042,45004673.0,0.0044808681014549085,2074.36222519613,Ukraine,72.49735,19.08329,180.0551,0.00865,0.000335,5.74131,26.6,2.4,7.0,26.0,42.0,56.0,19.0,93.72408,90.6
United Arab Emirates,ARE,Asia,Western Asia,201080.001831055,121.852,0.26,99.74,357045064669.843,9360975.0,0.02148066860888476,38141.86713134508,United Arab Emirates,77.15633000000001,20.20214,73.95345,0.0068349999999999,0.00027,2.1706,28.4,5.2,17.3,99.0,99.0,99.0,99.0,97.40737,77.5
United Kingdom,GBR,Europe,Northern Europe,380809.997558594,363.471,50.07,49.93,2694283209613.29,65611593.0,0.005804004752004634,41064.13343162221,United Kingdom of Great Britain and Northern Ireland,81.4325,24.24861,66.6791,0.003635,0.000195,9.6941,27.1,0.7,10.2,-1.0,92.0,94.0,94.0,100.0,89.1
United States,USA,Americas,Northern America,4894500.0,4158.247,35.83,64.17,18714960538000.0,323071755.0,0.015149885201199344,57928.1854521761,United States of America,78.49759,23.31899,114.1238,0.0058649999999999,0.0002299999999999,8.8569,28.9,0.7,21.4,93.0,92.0,94.0,95.0,99.26371,77.9
Uruguay,URY,Americas,Latin America and the Caribbean,6519.99998092651,16.232,97.43,2.57,52687612262.177,3424139.0,0.0019041283023050496,15387.112574044746,Uruguay,77.06158,22.29529,113.9388,0.01175,0.000565,5.52664,27.4,1.5,13.8,95.0,95.0,95.0,95.0,99.32289,84.7
Uzbekistan,UZB,Asia,Central Asia,105230.003356934,56.005,12.96,87.04,81779012350.8833,31847900.0,0.0033041426077365854,2567.7992065688254,Uzbekistan,72.3286,18.38943,130.6792,0.022585,0.000695,1.59159,26.9,3.1,4.0,99.0,99.0,99.0,99.0,97.68127,92.9
Vanuatu,VUT,Oceania,Melanesia,180.000007152557,0.065,18.46,81.54,804332795.575017,278326.0,0.0006467236519497173,2889.8945681503596,Vanuatu,71.97726,18.24566,129.376,0.02367,0.001115,1.58099,26.2,1.5,8.3,81.0,84.0,81.0,81.0,90.66152,90.2
Venezuela,VEN,Americas,Latin America and the Caribbean,151070.007324219,104.654,59.63,40.37,-1.0,29851249.0,0.0050607600145715515,-3.349943581925165e-08,Venezuela (Bolivarian Republic of),74.05354,21.58961,156.7178,0.01411,0.00058,3.98964,26.7,1.6,14.1,84.0,88.0,82.0,84.0,95.77837,84.30000000000001
Vietnam,VNM,Asia,South-eastern Asia,223720.001220703,174.631,37.47,62.53,205276172134.901,93640435.0,0.002389138850334292,2192.17448247545,Viet Nam,76.33917,22.68693,124.7509,0.017595,0.00108,3.12507,21.9,14.3,2.6,96.0,99.0,95.0,96.0,93.99012,83.10000000000001
Yemen,YEM,Asia,Western Asia,10850.0003814697,4.808,3.06,96.94,30935978723.73,27168210.0,0.00039936382932367274,1138.6829947107299,Yemen,65.31264,16.398529999999997,221.2797,0.044265,0.00305,0.02743,23.8,13.6,7.0,71.0,70.0,65.0,71.0,63.322030000000005,79.4
Zambia,ZMB,Africa,Sub-Saharan Africa,5320.00017166138,11.697,94.61,5.39,20954754378.1394,16363449.0,0.00032511484416649446,1280.5829857837061,Zambia,62.32869,17.51484,286.3146,0.045515,0.00522,3.85421,22.6,6.2,2.9,91.0,93.0,87.0,91.0,59.23856,90.89999999999999
Zimbabwe,ZWE,Africa,Sub-Saharan Africa,11020.0004577637,6.973,46.72,53.28,20548678100.0,14030338.0,0.0007854408395409789,1464.5889571584091,Zimbabwe,61.44675,17.47945,333.9667,0.040825,0.00427,3.45813,23.8,5.6,4.0,90.0,95.0,90.0,90.0,64.51162,90.4
